ticket,symbol,type,volume,price_open,sl,tp,price_current,profit,swap,comment,time
346818533,AUDNZD.p,SELL,0.01,1.2056499999999999,0.0,0.0,1.24475,-22.38,-1.15,E25/T4,2026-08-26 07:00:00
348228205,EURSGD.p,BUY,0.01,1.48198,0.0,1.4824,1.46482,-13.45,-0.38,E25/T4,2026-08-27 01:15:00
353388956,AUDNZD.p,SELL,0.01,1.21009,0.0,0.0,1.24475,-19.84,-0.95,E25/T4,2026-08-28 14:45:00
353609192,EURNZD.p,SELL,0.01,1.9567,0.0,0.0,2.00601,-28.22,0.03,E25/T4,2026-08-28 16:45:00
353954461,NZDCAD.p,BUY,0.01,0.82315,0.0,0.0,0.80093,-15.88,-0.02,E25/T4,2026-08-28 17:45:00
354477861,EURSGD.p,BUY,0.01,1.47678,0.0,0.0,1.46482,-9.37,-0.37,E25/T4,2026-08-28 20:45:00
357617178,NZDSGD.p,BUY,0.01,0.75189,0.0,0.75232,0.73023,-16.98,-0.01,E25/T4,2026-09-01 08:45:00
359447014,EURNZD.p,SELL,0.01,1.97592,0.0,0.0,2.00601,-17.22,0.04,E25/T4,2026-09-02 05:15:00
359447015,AUDNZD.p,SELL,0.02,1.21871,0.0,0.0,1.24475,-29.81,-1.58,E25/T4,2026-09-02 05:15:00
359447016,NZDSGD.p,BUY,0.01,0.74641,0.0,0.0,0.73023,-12.68,-0.01,E25/T4,2026-09-02 05:15:00
359447115,NZDCAD.p,BUY,0.01,0.81501,0.0,0.0,0.80093,-10.06,-0.01,E25/T4,2026-09-02 05:15:00
359601591,EURJPY.p,BUY,0.01,185.445,0.0,0.0,180.439,-31.85,0.16,E25/T4,2026-09-02 07:06:01
360390709,EURJPY.p,BUY,0.01,184.212,0.0,0.0,180.439,-24.01,0.16,E25/T4,2026-09-02 16:30:00
361229304,EURJPY.p,BUY,0.02,183.631,0.0,0.0,180.439,-40.62,0.26,E25/T4,2026-09-03 04:30:00
361660439,EURJPY.p,BUY,0.04,181.959,0.0,0.0,180.439,-38.69,0.46,E25/T4,2026-09-03 10:15:00
363420502,AUDNZD.p,SELL,0.04,1.22498,0.0,0.0,1.24475,-45.26,-2.35,E25/T4,2026-09-04 12:45:00
363692662,EURSGD.p,BUY,0.02,1.47136,0.0,0.0,1.46482,-10.25,-0.55,E25/T4,2026-09-04 15:45:00
364964442,NZDJPY.p,BUY,0.01,91.66,0.0,91.705,89.946,-10.91,0.07,E25/T4,2026-09-07 05:57:30
365310249,NZDJPY.p,BUY,0.01,91.058,0.0,0.0,89.946,-7.08,0.07,E25/T4,2026-09-07 11:15:00
366147585,NZDSGD.p,BUY,0.02,0.74077,0.0,0.0,0.73023,-16.52,-0.01,E25/T4,2026-09-08 07:00:00
366147590,EURNZD.p,SELL,0.02,1.98485,0.0,0.0,2.00601,-24.22,0.02,E25/T4,2026-09-08 07:00:00
366376274,AUDNZD.p,SELL,0.08,1.2335,0.0,0.0,1.24475,-51.51,-4.03,E25/T4,2026-09-08 10:30:00
366403344,NZDCAD.p,BUY,0.02,0.80613,0.0,0.0,0.80093,-7.43,0.0,E25/T4,2026-09-08 10:45:00
367516618,EURJPY.p,BUY,0.08,178.323,0.0,0.0,180.439,107.72,0.71,E25/T4,2026-09-09 03:15:00
368179696,EURNZD.p,SELL,0.04,1.9909400000000002,0.0,0.0,2.00601,-34.5,0.07,E25/T4,2026-09-09 13:00:00
369679560,USDCAD.p,SELL,0.01,1.38032,0.0,1.37989,1.39957,-13.75,-0.42,E25/T4,2026-09-10 09:00:00
371393557,NZDSGD.p,BUY,0.04,0.73672,0.0,0.0,0.73023,-20.35,-0.01,E25/T4,2026-09-11 00:30:00
371736587,USDCAD.p,SELL,0.01,1.38429,0.0,0.0,1.39957,-10.92,-0.36,E25/T4,2026-09-11 05:30:00
372448610,NZDJPY.p,BUY,0.02,89.609,0.0,0.0,89.946,4.29,0.07,E25/T4,2026-09-11 14:00:00
373077092,USDCAD.p,SELL,0.02,1.3878,0.0,0.0,1.39957,-16.82,-0.73,E25/T4,2026-09-11 17:45:47
374101086,USDSGD.p,SELL,0.01,1.2681,0.0,1.26958,1.27599,-6.18,-0.61,E25/T4,2026-09-14 04:06:20
374863618,EURSGD.p,BUY,0.04,1.46615,0.0,0.0,1.46482,-4.17,-0.32,E25/T4,2026-09-14 11:15:00
375304223,USDCAD.p,SELL,0.04,1.39136,0.0,0.0,1.39957,-23.46,-1.21,E25/T4,2026-09-14 15:31:54
375386863,USDSGD.p,SELL,0.01,1.27196,0.0,1.26958,1.27599,-3.16,-0.61,E25/T4,2026-09-14 16:00:00
376399855,NZDCAD.p,BUY,0.04,0.80111,0.0,0.0,0.80093,-0.51,-0.06,E25/T4,2026-09-15 05:45:00
376437157,NZDSGD.p,BUY,0.08,0.73185,0.0,0.0,0.73023,-10.16,-0.04,E25/T4,2026-09-15 06:30:00
377040308,EURNZD.p,SELL,0.08,2.0059,0.0,0.0,2.00601,-0.5,-0.11,E25/T4,2026-09-15 16:15:00
377040365,AUDNZD.p,SELL,0.16,1.23828,0.0,0.0,1.24475,-59.24,-3.82,E25/T4,2026-09-15 16:15:00
378365708,GBPUSD.p,BUY,0.01,1.34671,0.0,0.0,1.33689,-9.82,-0.04,E25/T4,2026-09-16 13:52:27
378501780,GBPSGD.p,BUY,0.01,1.7132800000000001,0.0,0.0,1.7058,-5.86,0.07,E25/T4,2026-09-16 15:45:00
378985574,EURUSD.p,BUY,0.01,1.15157,0.0,0.0,1.1480299999999999,-3.54,-0.23,E25/T4,2026-09-16 21:01:35
379075405,USDCAD.p,SELL,0.08,1.39602,0.0,0.0,1.39957,-20.29,-1.63,E25/T4,2026-09-16 21:15:00
379075495,GBPUSD.p,BUY,0.01,1.34117,0.0,0.0,1.33689,-4.28,-0.04,E25/T4,2026-09-16 21:15:01
379298996,GBPSGD.p,BUY,0.01,1.70965,0.0,0.0,1.7058,-3.02,0.07,E25/T4,2026-09-16 22:00:00
379343018,GBPAUD.p,BUY,0.01,1.8885100000000001,0.0,0.0,1.8766699999999998,-8.43,-0.27,E25/T4,2026-09-16 22:09:16
379541820,EURSGD.p,BUY,0.08,1.46264,0.0,0.0,1.46482,13.67,-0.11,E25/T4,2026-09-17 00:22:35
379984572,AUDCAD.p,SELL,0.01,0.9944,0.0,0.0,0.99698,-1.8399999999999999,-0.06,E25/T4,2026-09-17 08:45:00
379997310,AUDJPY.p,SELL,0.01,110.653,0.0,0.0,111.95,-8.25,-0.08,E25/T4,2026-09-17 08:55:55
380091817,AUDSGD.p,SELL,0.01,0.90718,0.0,0.90676,0.90897,-1.4,-0.09,E25/T4,2026-09-17 10:15:00
380248692,AUDUSD.p,SELL,0.01,0.71126,0.0,0.71083,0.71239,-1.13,-0.02,E25/T4,2026-09-17 12:30:00
380361877,GBPSGD.p,BUY,0.02,1.70516,0.0,0.0,1.7058,1.0,0.03,E25/T4,2026-09-17 14:15:00
380772964,CADJPY.p,SELL,0.01,111.416,0.0,0.0,112.311,-5.6899999999999995,-0.04,E25/T4,2026-09-17 17:45:33
381107644,EURCAD.p,SELL,0.01,1.6055899999999999,0.0,1.60515,1.60669,-0.79,-0.02,E25/T4,2026-09-17 23:00:06
381122051,USDJPY.p,SELL,0.01,155.967,0.0,0.0,157.157,-7.57,-0.13,E25/T4,2026-09-17 23:30:00
381271433,GBPJPY.p,SELL,0.01,208.674,0.0,0.0,210.111,-9.14,0.0,E25/T4,2026-09-18 04:00:00
381317240,AUDJPY.p,SELL,0.01,111.189,0.0,0.0,111.95,-4.84,0.0,E25/T4,2026-09-18 04:30:00
381407678,SGDJPY.p,SELL,0.01,122.906,0.0,0.0,123.191,-1.81,0.0,E25/T4,2026-09-18 05:55:55
381407903,CHFJPY.p,SELL,0.01,190.131,0.0,0.0,190.678,-3.48,0.0,E25/T4,2026-09-18 05:56:03
381413404,USDJPY.p,SELL,0.01,156.655,0.0,0.0,157.157,-3.19,0.0,E25/T4,2026-09-18 06:00:00
381413494,CADJPY.p,SELL,0.01,112.044,0.0,0.0,112.311,-1.7,0.0,E25/T4,2026-09-18 06:00:00
381419599,GBPNZD.p,SELL,0.01,2.33711,0.0,0.0,2.33601,0.63,0.0,E25/T4,2026-09-18 06:04:59
381430273,AUDNZD.p,SELL,0.32,1.24613,0.0,0.0,1.24475,25.27,0.0,E25/T4,2026-09-18 06:15:00
381453609,EURCHF.p,SELL,0.01,0.94663,0.0,0.0,0.94654,0.11,0.0,E25/T4,2026-09-18 06:30:00
381497166,EURAUD.p,BUY,0.01,1.6107399999999998,0.0,0.0,1.61157,0.59,0.0,E25/T4,2026-09-18 07:15:00
